address,amount
0x715c184ec26f299a7b9165e0a4306fc64cd9e70f,10
0xfb19ffd1ff9316b7f5bba076ef4b78e4bbedf4e1,10
0x31ce9a889565244cab1ead405ea783cc823de5aa,10
0x74e9a8d0ac28c4ab1b7acd7be6bf94b5bd4d5cce,10
0xd12f5edfb33dc70aa3f7b7b3f8c7e0db818d987c,10
0x7b6b350e0d2500697a57df5bf9cae6082884b9fa,10
0xc2da79bb2bea5bbbeb7a20a31335148705a66d84,10
0xa1461d1aa9eca414a890ac1ce66df38fa8d6825b,10
0xddae5604fd1dac5822866949fd0d97963c7449bd,10
0x5cea1aad29e6061b62d5b6cc040885d7997e2114,10
0xed311ea1705d4a1aac2400dc507c75fc095d7fa1,10
0x098db33df2093f94e51093829eb6d43d3d7e1c3f,10
0xea5e723acd5e9f15e88ea0a828f27e9da2ccb9b1,10
0x553f80ee87e9ccdad2ee06e6ef2ac9a184e92deb,10
0xc668f35279d403394f4970e1799563b402fbf56f,10
0x9acc2e91f6603c80f21c3e3c4b3462b8494230a8,10
0x72ac11b446b3f1116b11b2c3c38fc3e9423b9ed6,10
0xfb3d217599866c4900293f93ba2ddd22e5376449,10
0x84bcf55833cc4f98fdb96ad77c8319f17ac26d14,10
0xba1367bf400abda62d007b26352fb1bf2f451b42,10
0x6e4b466b4a35e4c842a10f1069766cd0526f9624,10
0xdef1d0087677f0b3829b4cf723d5d5f34a73e421,10
0x0d04110d4c749a921bfd3af8fdb45fd8aed55b24,10
0xcb1fa82d2276a3a40891b8d3d93e4f388e67a767,10
0xbecbdd9defa684c989323c7b28de56a73d526302,10
0xa250f90080f3af3adddb08a7b9b54c9f4f4bd429,10
0x61b7b515c1ec603cf21463bcac992b60fd610ca9,10
0x36337982295c8c37829c4607c0cfd4f06be4efac,10
0x4ed1d324248e889901b01a9a3dd4df20dd77a059,10
0x30f2864e7bf6e89a3955217c78c8689594228940,10
0xc82a99ec5b1150bd679e851ab007d9142b8a74ba,10
0x91a7d700ac2acce9d620f7e844b05a9db447cc7b,10
0x99aa7d14d638d2e51ed9276036cc03dd45c4616c,10
0xc6bae03a6cbf82f7a524e9242ae43f972b58916b,10
0x4b3df8cad504686165a43f4ba7403384257709a3,10
0x7773628ba143e4bc0f1fad017e62cd8b366b7efb,10
0x1aca12dec04c730e01f04412e7a45799ed33f6ff,10
0x459abf0e57efc317c6af4ef034bb1bc64e93a325,10
0x935f64b44b5c48a1539c4ada5161d27ace4205b5,10
0x40127a34a92ab1f32467d6e438410893589db4b2,10
0x38bbe7ed7f9f2116d284e183f8633e6690a82def,10
0x18c38e8e2f0d045c426c70b1da25dbad0c91d5ea,10
0x8028935ef7472f800f53024cefefefb32e6a8a10,10
0xed2f49ee514499b9ce15d547ae84387d9e109c79,10
0xb54a0e54eb0c2058cf1f28d176bf8cce221a2088,10
0x48680af00ef8d34480aae3c30916c533e6efee4f,10
0xf3a3224a10a2ed96ba6aff569367a5b4155d6897,10
0x3eebbebecde31d36d6aa7aa4fe2a06159119b659,10
0x79672062c5a45e3808d6b784129cf3ecf59d4224,10
0x70754b5ac0fa69e7c0ad951a5cf0323ef8bc1a99,10
0xc332c8c9071b37c3247e665629266132e75032d9,10
0x9277abcae0e406ec0e20f244d554dd2199299ab8,10
0x5f2b0a77a54a84e1a21a54b1fc20d19eede16277,10
0x5d8afd1db7b1731b4c83b2e5dd7a6ccfeca27bf7,10
0xecc79ddbefa8e3913706cbaf541f13b09626d3ec,10
0x129bdf55fe3eac6532c3f9fa2187f317a4131abd,10
0x68ca0ef155315721db5c3d42d5c3807db9431c05,10
0x73c6c822ba7249022d4f642008b09e5854daeb17,10
0xa9957b03bb9200e7952efd3575799f3d671ec263,10
0xa5d1f52743b137e6a00aa03537485e8b15b1e876,10
0xd7d81dfee488d05ba7fe5456f0eccefed81b38e0,10
0x4f4dbf0c6bb199cbbf89aafe64e5216c6c9b0b75,10
0xd732c3a336c2901d6e301b4c4fb821fb1453e6e4,10
0xda6235e12429f89df8280fa9630316dc2f1cd8a7,10
0xa9df88aefc517896be6bd011e7304286deea79ef,10
0x41ae3ccf174dc1de9162acc5d8f15d775c403262,10
0xbd18541434e44f1d196e484b971bace1cde1b04f,10
0xad0b529af629c64eae62b743ab273c25b028485f,10
0x2d0487a17c59b7dc6bc9d59e11259dfc183afebb,10
0x9b891a4d93860fb8cb153a7bbf9b3fbe52c844b5,10
0x3ce22a097e3ddbaab3909b64d70ac0acd96f9e7f,10
0x4abb1a3be69ec705610ab65ec906f4f355935c29,10
0x3542a7d258fb54b98d0db7fcf541b8d84b1c9272,10
0xcf9a76d57d0edf49aa83642be80dfd774cc7a4ee,10
0x248ce4767f64b62b7a29bc6a065a9a5f7111e04e,10
0x27fe38100b11007c23343f12d21394b6d305988f,10
0x9411ddc34cab74fb54159362ebe68263feedbfd5,10
0xbebf885874594190ba30b1266d25a85daeff03ca,10
0x285ec20d2b2ed7883c7900993f440ccb512c0164,10
0x72a5fc408f37480893a17ac3eda1cbfdb9aec59b,10
0xb376fa0ed67769b7f12ebc2f26b7bf1ceeb6795f,10
0x9126f9bf3b92027bcd6879280bb33186c2a7f1cc,10
0x7a1d38caca09f408d58837e60e172ea3785f9ff0,10
0xa7f8ca31e7274df55f00d56c32722072a99d94cc,10
0x74dec05e5b894b0efec69cdf6316971802a2f9a1,10
0x292780f825c4dd4541664ffd76a87a8ad3e6a6e2,10
0x97d559ebc52753e7d2978c16a599a09c94f97a30,10
0xf642355f90e998eed06b385fb1910820f73ebd0b,10
0x65925f01bf21b2f23f25e54dc87b0bc909d60c36,10
0x3b8984427f1b2e4b07be0d5d8e4ea61c22c6a46f,10
0xbf231fa75039864332b7112aabfc0a03e1272954,10
0xb5838745bb409cedc8ba46e98e0793a6546183d5,10
0x9239df3e9996c776d539eb9f01a8ae8e7957b3c3,10
0x15cf2c607de7f6b3330dcc3ceb71c6b9f2093232,10
0xc3eb36a5302bc43d172a06791603c900a4c65b04,10
0x1a1c87d9a6f55d3bbb064bff1059ad37b6bdc097,10
0x8675448a4155eb7ee8241af30aa6a5ce134fc450,10
0x17cb7059c0b0e0c74ab56a17794710734a43cd78,10
0x3bd620629525561e3ed3a6cb206c68ba998251b6,10
0x7139ea8f589f2fba9af717100b361c5ed27a34dc,10
0x24757ea588cdcf08994c4f83e63c8fbbeb558644,10
0xe161aa13b664b0a5d52e6a7954b2a7bcb9d688e2,10
0x04fe8cebdeb7ab2e8b05a6d9a646156744ddc5b6,10
0x97a0e5872b47f31321fcaed57d293058bfa9c338,10
0xb5072c1fa08846ec00d19b271869e3658268239c,10
0x0ada3111b866ff1ad0477f0c5d2e8ed35a36eb5b,10
0x21db44398ba1a7808f7b84b6779c971875cf2cfe,10
0x82b3e30d22ac5a9002e9f30f15429e9617f06ee6,10
0xadfc737366ae00a522dc5da21b7f866370854021,10
0x5d738fbf1d8940bbe72af847d88c517064de76e7,10
0x1d4d682a70c5cbb7f145aa67d5d0f05f94d012a0,10
0x3d8fc1cffaa110f7a7f9f8bc237b73d54c4abf61,10
0x5388ae683ec0c78097d6ef411d6c0179157e9efc,10
0x49c9f893ee13cfc4ca4cf0fcb921e5f1a58e50d6,10
0x4c9af439b1a6761b8e549d8d226a468a6b2803a8,10
0xf2a3febea98f34d4d7f417c85d3c50db1b2b3f26,10
0x090b2a1f3de364a4c897e0016b385eafbedb5381,10
0x073bfd357d508d33fe1d558b450b511a80d16bf0,10
0x99c49b17295e468ebc9908cd28e03c3c6412562e,10
0x2e3b807a48691a47ae2173da6068e349d7c9362c,10
0x852dc1c875f0117ea0808610010893e4c576b6a9,10
0xd3119724b3bb637d146d88e012845a2edb675ef3,10
0x95d4dc0f173d8901944d7679648b8de1813afff1,10
0x08bfa0744df010d3ef6e0e1636c12b89b91dde07,10
0x0306fb0a33e25ac8cbec14f1bd7174c904030ed2,10
0xbf96fcd58118e3f574bc28bb17b0c31ee0ba7f94,10
0xcf820dd27592a7873d13574924964ebe188f2679,10
0xdb8f1f994f214e0c0d4dee946956b4d2820f77a1,10
0x04e47f01d14a756fe89d4223189974f0793515ad,10
0x3139df715934567f0664fdc1aa7a267c19e7f6f2,10
0x71be79a2671e3add1db65f61b87f459a2ced88fc,10
0x538c2fb7d9d71c002a57d393a9bc0e63b5d966b4,10
0x38f971ca1a030a162b71701f5b30aecb1feeb3b6,10
0xe3f15b84c6e88852eb16162029c381074667f28a,10
0xd67d3daaecbc302a36e4a101543166e2971d74c2,10
0x3d1d8a1d418220fd53c18744d44c182c46f47468,10
0xb00b18b3bf6ecc43e6235ee69424d4a220437a4d,10
0xb6a40866b80074e478d349c0aa5ddeb47405fd06,10
0xa03400e098f4421b34a3a44a1b4e571419517687,10
0x4e25aa6f6a1327bc219f0e2808826969c0ecf45c,10
0x4b4881d8f3f1dbbd1673fd6bb5c3fe3ccda91b6d,10
0x23af36fa84ba7d59d7a217dd556d9f3ed3c5ec36,10
0x63f009cc4267ad5ab41e7267f20eb1249f9627b6,10
0x15954bd96f84c0ca4ff91ab073acc7dee0cb8afc,10
0xdaa25a7754cd5eb5f8de810d3927b84fc73a2af1,10
0xdfac84df8e7192ecd60bd50035f46bcfb0b69171,10
0xc6b12cb9fbbe83bdd121e3e72cd7a49d95cab4b7,10
0xb95a2032ce7590824d40315578d1266846825b19,10
0xe18112fa6bb93bcc4dc20e2349adbd91bdf73996,10
0x5b0f8318848d1f4ad0b59d088a90e49e70eef5af,10
0xb0e12cf309b391bb33d54ddd6bc841e518710908,10
0x61f08d119974a3d9915f06765d83fe1aa677e543,10
0xebba4ada41af85aa3d82cc019551524d7ceb44f9,10
0x459aa779235973f124861c9c4e7b31e9af2cc54c,10
0xf751652df0902288fcdbc4e9b29864a177426887,10
0xf2c3b5fd13a85a6de0791a8988b85086901a24d7,10
0x93fafd8f266d1dbb862a98e6dfb4c86e7c8c1b34,10
0xe87a1148d189aad152708c1f1790d391d88f2bab,10
0x272d3ebd75a61d540ab7d3def8d20d9ead49259e,10
0x57d869531068318f1d3ec6337050adc973a0f116,10
0xd8ab076dac360908628a31c3384ce43541bcd02e,10
0x23c8064f3c3ce2e73ddc6854e8cca92a3f8faeed,10
0xa690621b1d2f8cc06de2de11e4cf69935f82655a,10
0xf8eee2611fa54350ad5251735a3fdf08daace2d8,10
0xa9e96e7b4ca8ab0dcb7bb4ff790937cc4eeb9703,10
0x6ac2b765da5dd8fa51a1a20ff10e3a916bbdeb05,10
0xf1438d83d2f892108e3eee0e83639b9c15a15bb6,10
0x272646ae7206bd75df2830156e0ac833ce402eb0,10
0xfe0c760cbcb9da239b9ba805f0aeaed3be84f65a,10
0xa2cf93737620d90b19fc83e30039057aa9c1653d,10
0x8957ce520e12616279f812c53a92478d4450f72a,10
0xeae567ab5fb5bfc57f2b52cccfba4c6cf0f99cb5,10
0x7c6225ceb4db2a014ad794306bf106f4fd880b16,10
0xc209a564b6e6fa27312dcc92b278376ede3dfac0,10
0x01dce5bea6c05c3d5e6472e6f7ce27ee38cf0313,10
0x65bbe8eb1e7b4859f5d12c82d05584863688e631,10
0xfba68a8d79aced1039a299360126439ca32d719c,10
0x52130786e0eb7ccb690b204f94cf59ad0e403007,10
0x6386dc052feb9baaf2a7209521fe800f52774fe4,10
0xc1df56cb6ce8e3caa2d7284ec9675cbb99a6b05b,10
0x30711beb6df46abd0c58159ae458eebe14467f56,10
0x62b166702dda851b247b348b08eaea503a54af38,10
0x9d8bd3be63faa0b78e1e4f1c4f0b3f868970197b,10
0x215258e825dcc5a29021cc02dba8ff9bfb1b2397,10
0x197e57eec06a6da31ca61ab13aa54f73c43a4c46,10
0x0feea71770f4a3df77304c3ff4c5c264356a125e,10
0xbb0650528c9b65c99e4ed45fb239b6c0484abec4,10
0x845cc95264af96dba447543d1d0cd4b010677616,10
0xad87c45364faeed963ed5a60472eee4eb45d0c51,10
0x4801e920fa49e214220d1f00f03f9714b2f7123e,10
0x19824aa3ff67a24fa87cc8a902e684d9ccfc2062,10
0xca577707731fa5979a7cbc3234b9e962ac9db1f9,10
0x665c575df97337aa9fa9dccedbe6614787317ecf,10
0x90b3b377cc96e984e2f872ffbe62f2174557fa95,10
0xafcb774a0893a85ba6750f6971d20601b3f0dbb3,10
0x6f5aa08de27fe47511f16cc85eb64741723a610c,10
0x58d68e61803ba3c01537883c9ccd964b0fcf4a82,10
0x1d10dcee50aed527711ace8be71cf70dcc3cd259,10
0x7a6803b8e50799b515ecd93e3e2aa171d6eef0d8,10
0x930181eadad5825c1645a491ad9793bdfc202724,10
0x7e18894ec5127c23718615c681bc119cb3749dbf,10
0xd32aaa69a59916739b82716564fb64947833f41c,10
0x8581197add248b06a22cb2b6cf4c48cd9bdfd3d5,10
0xa24394725c77efcf8cb20c645e97a0e6d79860cf,10
0xb1f8f168c9d3491b0eead6a9191a247639fa0ca2,10
0x3033c68ec5f29a9db838abfc7ba1fb5ff6a5665d,10
0xa299c04eb002e667bcb6c0d38a024eb5022a5e1a,10
0xbec5769e2854916722714596df77fbf463c183f6,10
0x9e3ef83728a399d6f5f757e3fa04f4850bbfb5f0,10
0xfa060dfcbd9ce149efd4c1b4ededf696b2e8ce74,10
0xa9ad86cf49cfa89295f9fbada38e55d4899d7c9a,10
0xf4089e87cef17deaee9a987bce6467df6703c358,10
0xecee4240ad62fccf0be7d153267faf774ea5704f,10
0x49ef0d1c8cf98513626fd8d14a14fc4d555337c1,10
0x17c6ecbecc81cb787304ea6bd22d809dc4158e19,10
0x8e866b8d5f7bbe65d5c6599d83622a649f50c39b,10
0x277bb750edb051ff1974c783e5f5575427bd34e2,10
0x1970977716121816a6d151789b16b1cc6b4444af,10
0x736f29825b704e037d497377d6cf9c821975437c,10
0xe1b616c12eb58199c452c1fc5a49a91e5bc79001,10
0x49865da91d8949eb52869f63cc0adfa1600d8849,10
0x27bc9e3a4f5380bdd9ac2f062c289d73c37a00b1,10
0x2fd5bc65360bcf4fac0770d0a652e9c11b2196ef,10
0x159e9922516645904b673977796fd5c2d70849f6,10
0xc2b4ac21ee19fec0a9cad0cd9efdda1bb93bf162,10
0x9ea691daf5b8b1cdd8ef4f4a76d5d007fcdd3c05,10
0xd35384744dbdea2e31f10cc13540b4cfcce044c8,10
0x37ba9a1a7845624f54315786dbc1af0d8c96cf0c,10
0xd5b9ea51c10d39da523f8546ab699b70915a3647,10
0xc4c74a47f17f848e8e07546ba43b88805f7bc9e6,10
0x24e8e67d7eb6efb127eb208baaac9b7d175e6b95,10
0x0fdd3e91e86807e3c1c1c1e9ad8d55eff21c04df,10
0xc88c37d516981201c206c3be6e4faa95e6c1940f,10
0xdf8ea3e0b9d55425338767aa31d866f2f7765b53,10
0xa91d3fd6b406de1918ff8e6e260668e144b4cf65,10
0x41c86768de9587269e8761c4d4a8fc2fdd8e1ad2,10
0x024204913c52d572c2c4299a05a65c21eb213ccd,10
0x221a5d1fcabeca06608eaaa4df016533b1ff67ca,10
0x5216b22dcac48e3cbc4ae0c9b5762ac7e9629660,10
0x521f2f0f02bfaf62dd03f95139e48b30ffd50774,10
0x53cc7fffd7364aeafa78f01d6d1748852dbd9470,10
0x50be13b54f3eebbe415d20250598d81280e56772,10
0x50d94222da6b3b3ac7b8bc8c1cda47252f2f2c11,10
0x53dab410312393b5d3880c59a0611a0151f18421,10
0x8647d07f5a2b57889f5e453d8455dae0c7ba1bb9,10
0xf53d5066a530f38283a7a249abc4190d2d2db155,10
0x0d1c7835d005081355de3af7e7d885c5fd3dc0c2,10
0xba592243a0e7e73a8e1c186efedfc1ea6d19a6b3,10
0x1ff956c986102cafe3a985eb1873586653526e47,10
0x1b1e0b140465c94b07a5ed3d524630d3426653b1,10
0x400ffd9d791fd1f247ed6d7618b4b06d5572a2f2,10
0x117f4a9ab88108cabf1608e95e71e61b28db7aad,10
0xe7bdaad1fb7f726cffffd9bd9a328fa7a5669e86,10
0x158487e5f544f7ae177e70827756ec60ae3a185e,10
0xa7a470452a248784b52a15f25a238082de8e932b,10
0x8b04e680ed7ab8b292f0872ea2fa023511a7d98d,10
0x542d65251801eff10f66a3bd2234652f95073c2b,10
0xecc64e3f8126d270d6b4727614c77b18155f3253,10
0x60281ab69126e3245693bac540516bad20eee03c,10
0x541bb2dbfd32a02d42e2b5aeaa588358e2a35f44,10
0xbca34ed5875079cc561840f3409a790769821dbc,10
0x4095520604c7695ae998e1af502d2769dcc8c563,10
0x0047a23af7987cae795ff2d66a2d2324181b1bfa,10
0x9eafc058726616d0befbc3c47c5c0960744be123,10
0xf448bdf755ebc7fda4ec84f75249dbbd73bf4905,10
0x7d5492cb73d6bc1fb54abd53e593afe59acc8c7f,10
0x88028897d06761b76222abd8bfd0fd4188f0332b,10
0xd349345aa77d8af48f92cd20b116de718bf2ff76,10
0xe9d71c70cf7a8eece665b001c9e6379108212ac1,10
0xcaa28c42e23bb8b3838878d41fd61a7b18c073b8,10
0xde6a737e05c9290c4defa0b2eaf3061e170e8559,10
0xe040a067f7a603c785d901d6ce491da5726d0077,10
0xb995a8ea74f78677f1bc088c8847192a791108ae,10
0x10cdc9db20c6e2ab4ed05265750720b1a8e93c6b,10
0xb21050107de605179e2308a3f964b0b730152363,10
0x6d04a5b3a53592df0820b41f1137f72428b3538c,10
0x4ee1c350c4cafc081884fab1deaeb01cc2126b30,10
0x7c4530639ffe1c1eaed33899a04c5f8728f63650,10
0x94067907a7067a11f8d1816676cd965113d20775,10
0xba7e3e03b98bad43f20bca3c1e7d06d62e8385ae,10
0xf4b7d04b6828caaeb918731290038fc7a3eb8f81,10
0x33b9b598fb490f17426da7b7d344ead1bc3915dd,10
0xdbd0b067ea6ce8703bba77d726f38f83d302eb9b,10
0x3e78a10f77dbd82f79c519518fd8a2107ae6b5b5,10
0xe567d569be19dd911937d90c912d538d48f270bc,10
0xf29f5de8899dbb73ed86bd1e7062d39dbf42dedb,10
0xe6b73604832a06f5b250b39b48f05fe140fb8910,10
0x424062a65ddeaa647c696b082f398d0dee51d04d,10
0x194b2e86647eb07a9bc69293f7b5eb7276212910,10
0xb4ae6ae2d6bf5472f8ec902a3c55148f32f203bb,10
0xb22bc24ae92ccca684b90e8a89b24c0cfab274c4,10
0xcb88ae168a959a7312d7d85d4c32c0d0b4b3bf6f,10
0x9c5c7ddbecde14b1167fc1bff31ae8f299ff5f34,10
0xbda64ac3c857e2525191c8de658f2163e974502e,10
0x3fee93cf12442673e4b832a3a29323262bb511c7,10
0x7dc83b3ea1161d5269ff1f2145b49dfe33e7883d,10
0x56f8180a4bbdddc8f2378bbeebf320284eb889d1,10
0x1616b057f8a89955d4a4f9fd9eb10289ac0e44a1,10
0xde2faca4bbc0aca08ff04d387c39b6f6325bf82a,10
0x99eb287c9ad6558c245698bc2a21bd7e8137184f,10
0xb56047cfbbff164be18eea4cf85a8ed2e811c118,10
0x95402597ff50301aa982e91088e61405a14e2346,10
0x35e13b2ecec841a3198af033e4a1e22f1765160b,10
0xd1f61001787fd8106c5f32efc8763b2788dcab95,10
0x254999e225124192f1455d316b4e74be5cd67146,10
0x3e17c52147a706082fb866080aa92004f8cd38a2,10
0x3daf52b3f03334d4e01448f57cc31e4a69b51869,10
0xfcb7dd102b8bb3859ed50a3dc37d52d9c7957934,10
0x936a2c0dce472257e14db9e87b2ed1ab0fc3f8a3,10
0xe242587fcf0fad6a7671271ab9dc3fc1f4bd9c32,10
0x039d47e8f80f6646741a16c3bd4ab7626048b843,10
0xb729544821e226ba2e1ce473d9ee500c06454928,10
0xa55f54fdbc7f3943d7c87a10b3efc27bedc17d9c,10
0x34ddaada3bd7d7bf0d5d6c07f22b16d97217029f,10
0x1cfcf7ed501bd0d129667ed0b621d415533d46ba,10
0x7a6f9df9280ad89d6543494fe4a480dab2f45ee3,10
0x7d5db8af8a7a1d10ee7e8be5edaf963104c907c5,10
0x9b009c91bf2de283903103fbd0df891d6c50637c,10
0x3958cdc485d4773281319c472f1d086cbbc152d8,10
0x76fc7b2ac124b61f8ea5d83245e3e0e3b44a16d8,10
0x95534d73fd1a948148d11b5e9a691bedb028e3ae,10
0x92a19e804d67d9be9bfb3c9bf20152fc094a56ac,10
0x9e8a143fd1b9c6d30ddb8ed0c022232e1b9c1629,10
0x01eebee7f5adcc8bca87745f190ad9a59c18c38d,10
0x42655fc8443fb69e9ccdb94e89c1ee9317508a6d,10
0x45dcc009b779cbc72e407d7309e3471409d8c1c9,10
0xb8392e3be15d36d63a3b775e205dfe3aa653af3c,10
0xa3cf57f1fae61b39909f96c31453690187e4e339,10
0x77530a7197b759bcacbb755b90d2689005e90fe4,10
0x6b052e2a4369d25c326a5d1bab44e16f2365d465,10
0x8b6465bbc204f0e31b1ac570475bf8c8b3d09cf9,10
0xee903cdeef6ffcb75b3b00f1e2272e949a11f312,10
0x34c86001bebc14dd8105abd93626ffabef7c19d1,10
0xc6e2a58516b2b5a01e6f87be0f94a725814dfee4,10
0xd517f0baef7cf414a3e8ba5f8561c4a92555d8df,10
0x0453c712bce184a238f753eb1304f3fa563273d9,10
0xb609088904b6fcfe212f79272909b4335e119a12,10
0x7da9bd85245e932b274a36f20a318a276d77722d,10
0xf8c3b5aa4c1b482a0c1f12a6968c37d36d69caa1,10
0xe6cb03dbf7bbaa0f711e05b66e477f4adbf30fc8,10
0xe5af2a5c33224d55495ff26bf3d11de4db7e2c99,10
0xbdbf5e4455f1ffc5320b08313347eb667e598656,10
0x085764e6faa042aa00a39f739d0396e0ce3c51f3,10
0xbfd67033141e2276fbdd328fd28f710090088a84,10
0xe7c92fe361bbb2bc5602201438508295ebdae61c,10
0x1beb28e871089b1d56d25801ac357513c4f895b8,10
0xf0b09ff069736b7a328e11df6e13e0a7d492d5e0,10
0x9b02dc9689b366aa3169e2991a7b7b550438072a,10
0x30658c56907be5b1e5e52b8b0c81de214ffaf2fe,10
0x62f73147c41c21a4b57dac3752b054c72816fe02,10
0x122e64e1d69beddd51f0dbe2c32b31365ceb7bcd,10
0x476c3d04d2fc7a212fe27f61a5b195de3cd6dd25,10
0x04c71bbfae33d55c30cbe1e134b0384004255118,10
0x83c41363cbee0081dab75cb841fa24f3db46627e,10
0x9794c45c5e0fa84cb6cf89ea1603db8e45c18d79,10
0x8051ef13007773c0c94118f2a7c34e2836fd4395,10
0xd7fbfea924b29948e606a8c236af865d4b1864f4,10
0x7134f8ffdca9192e454450fdb2ff49f4eb865e17,10
0x036e77988d812d1f0e30d443abe616e4dbf7c2b9,10
0xbbc922d626975ddd13dc71481705178473818fbe,10
0x20ded577e02308c15620671df148cce332c78276,10
0x66c684341a64c03df89af47425e288d83025c8dc,10
0xb1404ee3a0224d4c02a459cba1522b56e576e403,10
0x88668b63218bcfd31692e14f635d195f9f45c030,10
0x17062e368ae1f5dc0e907b51bd3d33d501c6f913,10
0xcec11d3bf28e696e13d3bc7a769d5b0704155a3e,10
0x5f5e4a151719e36cee03f5049ddccbc3a9355474,10
0xcfc387b2d9bb52200d942752f44a41d658ee82de,10
0xb2a8c49df22e55d6e08ef051c18ca2dddb00ae49,10
0xf584e1db92a7fa0c54842c7890d2ef378256a7c8,10
0x91aaca1449daeac3defea650f1011c1fd437934a,10
0x3705a1457b466cb518c5e3341ab7974ed973f89d,10
0xce208d6e2e79be835028f093c7b989153799bad3,10
0x4ee8d3ac1e0f62fdbbf11e7ec1733ca19a7f08d2,10
0xdaa68c5e484f69491a092bbdceeba3ac1eb584d1,10
0x74aa5387681505c806ff1e972b12cdfd01406828,10
0xb32ac8aa6a276047a453f7f5a533cd48262f51e3,10
0x662f45391ece75132ae382cd3c9612bd6f62deb7,10
0xa2561f098ca0666d8dcdbcf25a6564c25792d8bc,10
0x8c61e3489af8b95f01846eca6675cf77cfb46616,10
0x4ae9065819f743e3d2fb9397001678753a7a3685,10
0x54b50187becd0bbcfd52ec5d538433dab044d2a8,10
0x83c63c6f34dc60ba74c7ab96b37c5f0d2f4cd499,10
0x28b1ed8008c2e0422bde328d4190ebda1508a9dc,10
0x44b48e793c1062a6422cc4e98f96ebcc518c0682,10
0x642aae15c7e4524083c536800405b1e55aa2209e,10
0x4f5bbc5aa18df911c34f5c6d0e9b9830b8e25efc,10
0x31ea667919ac2ae3f4258d1081f94049386bf4cc,10
0x61b6eef4afcbbf0e0dbfecf6195412ab7601bf7a,10
0xd939951b6dd11b1b9b43524b791493514a46fa81,10
0xebbe2397ddd1756d25d90a204fc0279d1b2300d9,10
0x38497d55aa00078677956726992ffb645f76a5a0,10
0x7b4554ab9b11ac5b6e8ace5fd8c8e4f9151f1139,10
0xd7ac046e9b6784fa8f018c795d4217ca963e9b7c,10
0xdfaa75323fb721e5f29d43859390f62cc4b600b8,10
0x040551dc74cb19ffee8d130212ef236c4c5c1513,10
0x85fc606d2e4bdfaa5eba92f79dc5616e77b3afc9,10
0x4fa7caec82e092a89dcf6f35c932217c9213cfa7,10
0xd55b7861bf9958a4ebe11852f5328cd44825d3fc,10
0x7e86406ff9b29e2da5cf881b45285c127c64fb6e,10
0x1c60eb49a70cd1de3e4e2731c8b7572b5da0fd83,10
0x408a0a813a3840e3e914394aa661b3b6e7b832c4,10
0xe69e87631a0ec70e03f084de6b9c66aca6115bfa,10
0xd6b15b07f310534459bccad75865f6b219b8efe7,10
0x964f47298497ad9ca9439212529805db54e35a5b,10
0xc8b9da237bc47643645bfb0624f5d0a7e7f477b4,10
0x3fb865c21aaf01f9d90ea10b6a26dd76b9014a5e,10
0x7a33cb18bc3a018c0172bbc5e81e3ecc12db5ec0,10
0x1ca5aa5b1dd8d948bb0971a5fb1762fe172e0040,10
0xa7c99e78c6b80758e6f4eb326c6f8d08c443b802,10
0x42a178633240601d3485e1f51d8b62ea58c9b5ae,10
0x8fea0700fe1ffa3922a0837bc9770d50ed353435,10
0x4332f1d58d33e4bd41986ca9b47288111364867c,10
0xb4aac9a10f0acfb2618ecba9853dc21229593abf,10
0x18abd474801c94504ba8f88cac1248f85ceaab4d,10
0x42962eb1d24e90f70c5308ea084511581ed7854e,10
0xd2fb509330a294b97eef4437907b04663e8f70f5,10
0x17f1a51da68d27c94d2a51d92b27b5bd4718b986,10
0x982b3218bb6ee0bd5e072df00881eac30dbba2b3,10
0x2ab087f710f22dfbe123d7d61d717a6948f08a0b,10
0x51e4eab698feb07fe3321f430750f60888a4091f,10
0x73ac9c449c071fcd7517653a755f0e52c4ecd68b,10
0x8c24cc485d9935e3002f670e51a388468530fa3b,10
0x06968df49c67a0d45e350251e2569956f75dcc13,10
0x6743bd99dd3418540bffb8da2a18c7c43d659bc2,10
0xbd43701c5838666e3a76a6b6ceca5415306a8a3f,10
0x6b719715605e4d8f098dcf0a7714994f21a2fe81,10
0x147a849a2c476a58d1af3cf026bd11adb781772c,10
0x02fa40722e80ecab13063baf51fb0f84ee4ccdee,10
0x0b37e3cbcc5d1166bb3fc17c56feaa1b1573d171,10
0x43be8f66f5321e2e66f087f6c9bdbb890e6106cb,10
0x96f01d60cda6531bb7f3ca70e5e070183612bec4,10
0xaad2d412cbd80c30d0bd2874686b6b7cb2cfbaa3,10
0x7e7107f3b1029acedcacdc99a42743dfea4427fc,10
0xe6570a6d5ff2bfdfd49a8f483929e8eaf09511cd,10
0xdf79ff21b4b874c6f18a3285d0f7b89509f0c36c,10
0xd0a80e763c1a0df242dba85977fea0f3dd1cd838,10
0xfb114d8b0a66cb58dd600d72bf7bb44262b945b2,10
0x0b0bc647b7a9e6c2532650da227ca20d9c034247,10
0x6df79df4657f2e5bfe9ef9e110092cf47f2bbd7d,10
0x33eb9612723961b62d409fc756cf763008de4a39,10
0x8483cfedd74a3a35c09dd3c07b18f6d18c93e66a,10
0x8eada545f198431ff96b231bcc1452c61b7dd049,10
0x75fb98629e0e601f57dbffe12ba6a6773418ff21,10
0x028c6d504e64afd86d6f085e946a8beab01b3e59,10
0xefd7931decf7a2c04ef8ccbe563ffe0087fd1f24,10
0x596cfe9273baa37de8fd153e23eb33153cfd0290,10
0xf5247c5cfc49147dc835427e4fba49344fb6bc89,10
0xa60220b213704a86a76b99df3ea1356898f1a12d,10
0x626ea6d1e5ea3fbaba22f5d4005d98e7039d0c99,10
0xa0c1ae837f9711f5bf99e57ab8323910edbb4704,10
0xf47c226b1f1def0d7a09ff0f2a87794fc405a24a,10
0x1b97f43da355259a472579aefdda0daf8675b699,10
0x56a5d561a1a3fc343b9e2b80981fcc64e3d3ec0a,10
0x285a563c1a429b4aebf5d6f7345efab88a250f04,10
0xf203ea82b6a55dacbdc88149b01d6a3344dfee9f,10
0xe6593dec614908f28bb06b269acc7c3058358c67,10
0xa2f00eae39f47715b9f5331ed5b1855a56ac2d68,10
0x6b482e310d3e325c4f26da1dda6d2c2038bbf293,10
0x7a3f0765bc08025f7a0203f328d5e41d1d9718c3,10
0x74550e84674d54c1a1f63739a682fe28c4b62f19,10
0x678d5ec96e32005740adbf761e28b829eba2f17b,10
0x934c55c847f37cfa5557c74e3cf7de9dcbc133cb,10
0x174a4a40284e647d454ed4a8743e24c95e14cdad,10
0x966dcca021f32aae65a85e542572445fdc84fe48,10
0x9c8277595b30f4e3d8402537b495bff0e89cf2cd,10
0x6a1c2a98b8452c8c925b14d2254ea6a9a92a547a,10
0x5814358bb73627604ebb331fd06ecbd1b09666eb,10
0xff1263fa66a67747fa75c47c4081d513a01a4597,10
0x48435e5311ed32151729db07394260d6672649f8,10
0x83bdf89ce9b2b587785a89603d2d451f05cf719b,10
0x952eff6e22faac9ba9fc8cf5fdb84063d06836ae,10
0xb541d1d5c01bb5ec4afed7557b656d5409d86106,10
0xe1f5131ce50e23b3901463423f830a5687d66373,10
0x7e4567f29d86f23a9338d48fb3f3cdba34dd7aa9,10
0x7cc407a0ab6a32d08d92510267836df0a7a51609,10
0xb652975c31a7989336353c89cf6d14ae3a2db6c4,10
0x9100e5c0dd881a7772bb28c096883cd1597dcfc0,10
0xd97bbec17344f4254813417c762efb05962fca81,10
0xc1b29de4e7636fae4f75cd751f6e02c268e74431,10
0xe849363688ed4bb60aceb8b728dabddce3cbce97,10
0x33e1febf2b820eb97e3ffa501165fc5535c94565,10
0x38cc3769a617e37c0be541630f98d21a09f70054,10
0xe32078eea1866f7062e14f308944387d76f6dc34,10
0x3762e6107051101f0eff5c60d1e14a66a4f08597,10
0x3f70a7c5e8fd7cd841ab99354a3633a27fc8116b,10
0xa6b7c5a8f3c52b5a36e2676bc32e58977628d673,10
0x660f58c5690a27286681965284caa76d2cbe2549,10
0xc7f39873335196bddb107051b035d128f6c21860,10
0xfb146fd7bb6fa77bb19ceef629c710047a9d5756,10
0x6edf968da408a9640b8865826429a977a11c5048,10
0x51a4d151a8241e528026f85930f049ec0d630eb2,10
0xf616b8a79681b7f014bfed1394f3e2c0a6f9aecb,10
0xe01b559d2f15601976c7f5a476622c7cfae478d9,10
0xf7784ac21f00440522f1707704c7ce83806a6dea,10
0x535b24392402226627440501acfd62bb57cc2512,10
0xd2bf29c8c497aac5b0617ce284f36f75aa9122ea,10
0x6c5f10906da461c8b6e4020baff1ff487dff2192,10
0xb5757a4e3d68583b1f7e7273e031f63e3d32a515,10
0x3e19c54bde0859bad5821dbddc60bfc686966dac,10
0x70ca7974b7d7f8d29ebfa583f5f2965760519b01,10
0xbf026f579febaf307702a1bcd692f6a2da091833,10
0x3ebccbd603f2fa60f9024e3da5dfb94da764c3be,10
0xe1ce9e98036fa7b35720d62373c57a095d278ffc,10

